<?xml version="1.0" encoding="UTF-8"?>
<export version="E">
  <design>
    <source>C:\Users\Admin\OneDrive\Desktop\NguyễnPhạmMinhKhôi-2151105-ESD-E1\NguyễnPhạmMinhKhôi-2151105-ESD-E1.kicad_sch</source>
    <date>1/20/2024 2:32:58 PM</date>
    <tool>Eeschema 7.0.10</tool>
    <sheet number="1" name="/" tstamps="/">
      <title_block>
        <title/>
        <company/>
        <rev/>
        <date/>
        <source>NguyễnPhạmMinhKhôi-2151105-ESD-E1.kicad_sch</source>
        <comment number="1" value=""/>
        <comment number="2" value=""/>
        <comment number="3" value=""/>
        <comment number="4" value=""/>
        <comment number="5" value=""/>
        <comment number="6" value=""/>
        <comment number="7" value=""/>
        <comment number="8" value=""/>
        <comment number="9" value=""/>
      </title_block>
    </sheet>
  </design>
  <components>
    <comp ref="A1">
      <value>Arduino_UNO_R2</value>
      <footprint>Module:Arduino_UNO_R2</footprint>
      <datasheet>https://www.arduino.cc/en/Main/arduinoBoardUno</datasheet>
      <libsource lib="MCU_Module" part="Arduino_UNO_R2" description="Arduino UNO Microcontroller Module, release 2"/>
      <property name="Sheetname" value=""/>
      <property name="Sheetfile" value="NguyễnPhạmMinhKhôi-2151105-ESD-E1.kicad_sch"/>
      <property name="ki_description" value="Arduino UNO Microcontroller Module, release 2"/>
      <property name="ki_keywords" value="Arduino UNO R3 Microcontroller Module Atmel AVR USB"/>
      <sheetpath names="/" tstamps="/"/>
      <tstamps>a44b38b4-46b0-420d-b81b-4120324e0fcc</tstamps>
    </comp>
    <comp ref="D1">
      <value>LED</value>
      <footprint>LED_SMD:LED_0805_2012Metric</footprint>
      <libsource lib="Device" part="LED" description="Light emitting diode"/>
      <property name="Sheetname" value=""/>
      <property name="Sheetfile" value="NguyễnPhạmMinhKhôi-2151105-ESD-E1.kicad_sch"/>
      <property name="ki_description" value="Light emitting diode"/>
      <property name="ki_keywords" value="LED diode"/>
      <sheetpath names="/" tstamps="/"/>
      <tstamps>8eb2e9e0-ab0a-4116-96e2-c8ab7802dd16</tstamps>
    </comp>
    <comp ref="D2">
      <value>LED</value>
      <footprint>LED_SMD:LED_0805_2012Metric</footprint>
      <libsource lib="Device" part="LED" description="Light emitting diode"/>
      <property name="Sheetname" value=""/>
      <property name="Sheetfile" value="NguyễnPhạmMinhKhôi-2151105-ESD-E1.kicad_sch"/>
      <property name="ki_description" value="Light emitting diode"/>
      <property name="ki_keywords" value="LED diode"/>
      <sheetpath names="/" tstamps="/"/>
      <tstamps>fc361bc8-952c-4e89-950e-3c4a1eb482e3</tstamps>
    </comp>
    <comp ref="D3">
      <value>LED</value>
      <footprint>LED_SMD:LED_0805_2012Metric</footprint>
      <libsource lib="Device" part="LED" description="Light emitting diode"/>
      <property name="Sheetname" value=""/>
      <property name="Sheetfile" value="NguyễnPhạmMinhKhôi-2151105-ESD-E1.kicad_sch"/>
      <property name="ki_description" value="Light emitting diode"/>
      <property name="ki_keywords" value="LED diode"/>
      <sheetpath names="/" tstamps="/"/>
      <tstamps>7c619371-f9b1-41d0-b02d-8619bccc682f</tstamps>
    </comp>
    <comp ref="D4">
      <value>LED</value>
      <footprint>LED_SMD:LED_0805_2012Metric</footprint>
      <libsource lib="Device" part="LED" description="Light emitting diode"/>
      <property name="Sheetname" value=""/>
      <property name="Sheetfile" value="NguyễnPhạmMinhKhôi-2151105-ESD-E1.kicad_sch"/>
      <property name="ki_description" value="Light emitting diode"/>
      <property name="ki_keywords" value="LED diode"/>
      <sheetpath names="/" tstamps="/"/>
      <tstamps>35ae4183-d7fa-4c10-b563-a1e64aa9e431</tstamps>
    </comp>
    <comp ref="D5">
      <value>LED</value>
      <footprint>LED_SMD:LED_0805_2012Metric</footprint>
      <libsource lib="Device" part="LED" description="Light emitting diode"/>
      <property name="Sheetname" value=""/>
      <property name="Sheetfile" value="NguyễnPhạmMinhKhôi-2151105-ESD-E1.kicad_sch"/>
      <property name="ki_description" value="Light emitting diode"/>
      <property name="ki_keywords" value="LED diode"/>
      <sheetpath names="/" tstamps="/"/>
      <tstamps>59e1e357-0cc4-4834-ab0e-cc0e804ff4c6</tstamps>
    </comp>
    <comp ref="D6">
      <value>LED</value>
      <footprint>LED_SMD:LED_0805_2012Metric</footprint>
      <libsource lib="Device" part="LED" description="Light emitting diode"/>
      <property name="Sheetname" value=""/>
      <property name="Sheetfile" value="NguyễnPhạmMinhKhôi-2151105-ESD-E1.kicad_sch"/>
      <property name="ki_description" value="Light emitting diode"/>
      <property name="ki_keywords" value="LED diode"/>
      <sheetpath names="/" tstamps="/"/>
      <tstamps>6f7e9779-b4c2-4778-a41e-1cdd01d9d9fd</tstamps>
    </comp>
    <comp ref="D7">
      <value>LED</value>
      <footprint>LED_SMD:LED_0805_2012Metric</footprint>
      <libsource lib="Device" part="LED" description="Light emitting diode"/>
      <property name="Sheetname" value=""/>
      <property name="Sheetfile" value="NguyễnPhạmMinhKhôi-2151105-ESD-E1.kicad_sch"/>
      <property name="ki_description" value="Light emitting diode"/>
      <property name="ki_keywords" value="LED diode"/>
      <sheetpath names="/" tstamps="/"/>
      <tstamps>021ca9a6-4b62-4d44-8701-4400de861b69</tstamps>
    </comp>
    <comp ref="D8">
      <value>LED</value>
      <footprint>LED_SMD:LED_0805_2012Metric</footprint>
      <libsource lib="Device" part="LED" description="Light emitting diode"/>
      <property name="Sheetname" value=""/>
      <property name="Sheetfile" value="NguyễnPhạmMinhKhôi-2151105-ESD-E1.kicad_sch"/>
      <property name="ki_description" value="Light emitting diode"/>
      <property name="ki_keywords" value="LED diode"/>
      <sheetpath names="/" tstamps="/"/>
      <tstamps>9bbac4cb-c790-449a-82a8-117eee49edfb</tstamps>
    </comp>
    <comp ref="R1">
      <value>R_Small_US</value>
      <footprint>Resistor_SMD:R_0603_1608Metric</footprint>
      <libsource lib="Device" part="R_Small_US" description="Resistor, small US symbol"/>
      <property name="Sheetname" value=""/>
      <property name="Sheetfile" value="NguyễnPhạmMinhKhôi-2151105-ESD-E1.kicad_sch"/>
      <property name="ki_description" value="Resistor, small US symbol"/>
      <property name="ki_keywords" value="r resistor"/>
      <sheetpath names="/" tstamps="/"/>
      <tstamps>f4dfe5c6-a37f-4e4f-9002-d38ca7a06b9e</tstamps>
    </comp>
    <comp ref="R2">
      <value>R_Small_US</value>
      <footprint>Resistor_SMD:R_0603_1608Metric</footprint>
      <libsource lib="Device" part="R_Small_US" description="Resistor, small US symbol"/>
      <property name="Sheetname" value=""/>
      <property name="Sheetfile" value="NguyễnPhạmMinhKhôi-2151105-ESD-E1.kicad_sch"/>
      <property name="ki_description" value="Resistor, small US symbol"/>
      <property name="ki_keywords" value="r resistor"/>
      <sheetpath names="/" tstamps="/"/>
      <tstamps>0ea941ed-6c13-4d2d-aa0e-2c1b10a6ef64</tstamps>
    </comp>
    <comp ref="R3">
      <value>R_Small_US</value>
      <footprint>Resistor_SMD:R_0603_1608Metric</footprint>
      <libsource lib="Device" part="R_Small_US" description="Resistor, small US symbol"/>
      <property name="Sheetname" value=""/>
      <property name="Sheetfile" value="NguyễnPhạmMinhKhôi-2151105-ESD-E1.kicad_sch"/>
      <property name="ki_description" value="Resistor, small US symbol"/>
      <property name="ki_keywords" value="r resistor"/>
      <sheetpath names="/" tstamps="/"/>
      <tstamps>251b6eca-e027-4b7b-b04a-13277fde4e7d</tstamps>
    </comp>
    <comp ref="R4">
      <value>R_Small_US</value>
      <footprint>Resistor_SMD:R_0603_1608Metric</footprint>
      <libsource lib="Device" part="R_Small_US" description="Resistor, small US symbol"/>
      <property name="Sheetname" value=""/>
      <property name="Sheetfile" value="NguyễnPhạmMinhKhôi-2151105-ESD-E1.kicad_sch"/>
      <property name="ki_description" value="Resistor, small US symbol"/>
      <property name="ki_keywords" value="r resistor"/>
      <sheetpath names="/" tstamps="/"/>
      <tstamps>4bac05cd-617e-46f6-8762-c684103c9347</tstamps>
    </comp>
    <comp ref="R5">
      <value>R_Small_US</value>
      <footprint>Resistor_SMD:R_0603_1608Metric</footprint>
      <libsource lib="Device" part="R_Small_US" description="Resistor, small US symbol"/>
      <property name="Sheetname" value=""/>
      <property name="Sheetfile" value="NguyễnPhạmMinhKhôi-2151105-ESD-E1.kicad_sch"/>
      <property name="ki_description" value="Resistor, small US symbol"/>
      <property name="ki_keywords" value="r resistor"/>
      <sheetpath names="/" tstamps="/"/>
      <tstamps>01917867-6ff4-4430-872e-de52ce8d4ad3</tstamps>
    </comp>
    <comp ref="R6">
      <value>R_Small_US</value>
      <footprint>Resistor_SMD:R_0603_1608Metric</footprint>
      <libsource lib="Device" part="R_Small_US" description="Resistor, small US symbol"/>
      <property name="Sheetname" value=""/>
      <property name="Sheetfile" value="NguyễnPhạmMinhKhôi-2151105-ESD-E1.kicad_sch"/>
      <property name="ki_description" value="Resistor, small US symbol"/>
      <property name="ki_keywords" value="r resistor"/>
      <sheetpath names="/" tstamps="/"/>
      <tstamps>9a746382-9d6f-4a4c-899c-ebf986be248d</tstamps>
    </comp>
    <comp ref="R7">
      <value>R_Small_US</value>
      <footprint>Resistor_SMD:R_0603_1608Metric</footprint>
      <libsource lib="Device" part="R_Small_US" description="Resistor, small US symbol"/>
      <property name="Sheetname" value=""/>
      <property name="Sheetfile" value="NguyễnPhạmMinhKhôi-2151105-ESD-E1.kicad_sch"/>
      <property name="ki_description" value="Resistor, small US symbol"/>
      <property name="ki_keywords" value="r resistor"/>
      <sheetpath names="/" tstamps="/"/>
      <tstamps>fc8dcd09-ebc0-4be5-bc6d-e535aadcedfb</tstamps>
    </comp>
    <comp ref="R8">
      <value>R_Small_US</value>
      <footprint>Resistor_SMD:R_0603_1608Metric</footprint>
      <libsource lib="Device" part="R_Small_US" description="Resistor, small US symbol"/>
      <property name="Sheetname" value=""/>
      <property name="Sheetfile" value="NguyễnPhạmMinhKhôi-2151105-ESD-E1.kicad_sch"/>
      <property name="ki_description" value="Resistor, small US symbol"/>
      <property name="ki_keywords" value="r resistor"/>
      <sheetpath names="/" tstamps="/"/>
      <tstamps>8ca99605-984b-4ccb-9e9e-57a4545b6bf1</tstamps>
    </comp>
  </components>
  <libparts>
    <libpart lib="Device" part="LED">
      <description>Light emitting diode</description>
      <docs>~</docs>
      <footprints>
        <fp>LED*</fp>
        <fp>LED_SMD:*</fp>
        <fp>LED_THT:*</fp>
      </footprints>
      <fields>
        <field name="Reference">D</field>
        <field name="Value">LED</field>
        <field name="Datasheet">~</field>
      </fields>
      <pins>
        <pin num="1" name="K" type="passive"/>
        <pin num="2" name="A" type="passive"/>
      </pins>
    </libpart>
    <libpart lib="Device" part="R_Small_US">
      <description>Resistor, small US symbol</description>
      <docs>~</docs>
      <footprints>
        <fp>R_*</fp>
      </footprints>
      <fields>
        <field name="Reference">R</field>
        <field name="Value">R_Small_US</field>
        <field name="Datasheet">~</field>
      </fields>
      <pins>
        <pin num="1" name="" type="passive"/>
        <pin num="2" name="" type="passive"/>
      </pins>
    </libpart>
    <libpart lib="MCU_Module" part="Arduino_UNO_R2">
      <description>Arduino UNO Microcontroller Module, release 2</description>
      <docs>https://www.arduino.cc/en/Main/arduinoBoardUno</docs>
      <footprints>
        <fp>Arduino*UNO*R2*</fp>
      </footprints>
      <fields>
        <field name="Reference">A</field>
        <field name="Value">Arduino_UNO_R2</field>
        <field name="Footprint">Module:Arduino_UNO_R2</field>
        <field name="Datasheet">https://www.arduino.cc/en/Main/arduinoBoardUno</field>
      </fields>
      <pins>
        <pin num="1" name="NC" type="no_connect"/>
        <pin num="2" name="IOREF" type="output"/>
        <pin num="3" name="~{RESET}" type="input"/>
        <pin num="4" name="3V3" type="power_out"/>
        <pin num="5" name="+5V" type="power_out"/>
        <pin num="6" name="GND" type="power_in"/>
        <pin num="7" name="GND" type="power_in"/>
        <pin num="8" name="VIN" type="power_in"/>
        <pin num="9" name="A0" type="bidirectional"/>
        <pin num="10" name="A1" type="bidirectional"/>
        <pin num="11" name="A2" type="bidirectional"/>
        <pin num="12" name="A3" type="bidirectional"/>
        <pin num="13" name="SDA/A4" type="bidirectional"/>
        <pin num="14" name="SCL/A5" type="bidirectional"/>
        <pin num="15" name="D0/RX" type="bidirectional"/>
        <pin num="16" name="D1/TX" type="bidirectional"/>
        <pin num="17" name="D2" type="bidirectional"/>
        <pin num="18" name="D3" type="bidirectional"/>
        <pin num="19" name="D4" type="bidirectional"/>
        <pin num="20" name="D5" type="bidirectional"/>
        <pin num="21" name="D6" type="bidirectional"/>
        <pin num="22" name="D7" type="bidirectional"/>
        <pin num="23" name="D8" type="bidirectional"/>
        <pin num="24" name="D9" type="bidirectional"/>
        <pin num="25" name="D10" type="bidirectional"/>
        <pin num="26" name="D11" type="bidirectional"/>
        <pin num="27" name="D12" type="bidirectional"/>
        <pin num="28" name="D13" type="bidirectional"/>
        <pin num="29" name="GND" type="power_in"/>
        <pin num="30" name="AREF" type="input"/>
      </pins>
    </libpart>
  </libparts>
  <libraries>
    <library logical="Device">
      <uri>C:\Program Files\KiCad\7.0\share\kicad\symbols\/Device.kicad_sym</uri>
    </library>
    <library logical="MCU_Module">
      <uri>C:\Program Files\KiCad\7.0\share\kicad\symbols\/MCU_Module.kicad_sym</uri>
    </library>
  </libraries>
  <nets>
    <net code="1" name="GND">
      <node ref="A1" pin="29" pinfunction="GND" pintype="power_in"/>
      <node ref="A1" pin="6" pinfunction="GND" pintype="power_in"/>
      <node ref="A1" pin="7" pinfunction="GND" pintype="power_in"/>
    </net>
    <net code="2" name="Net-(A1-+5V)">
      <node ref="A1" pin="5" pinfunction="+5V" pintype="power_out"/>
      <node ref="R1" pin="1" pintype="passive"/>
      <node ref="R2" pin="1" pintype="passive"/>
      <node ref="R3" pin="1" pintype="passive"/>
      <node ref="R4" pin="1" pintype="passive"/>
      <node ref="R5" pin="1" pintype="passive"/>
      <node ref="R6" pin="1" pintype="passive"/>
      <node ref="R7" pin="1" pintype="passive"/>
      <node ref="R8" pin="1" pintype="passive"/>
    </net>
    <net code="3" name="Net-(A1-D2)">
      <node ref="A1" pin="17" pinfunction="D2" pintype="bidirectional"/>
      <node ref="D1" pin="1" pinfunction="K" pintype="passive"/>
    </net>
    <net code="4" name="Net-(A1-D3)">
      <node ref="A1" pin="18" pinfunction="D3" pintype="bidirectional"/>
      <node ref="D2" pin="1" pinfunction="K" pintype="passive"/>
    </net>
    <net code="5" name="Net-(A1-D4)">
      <node ref="A1" pin="19" pinfunction="D4" pintype="bidirectional"/>
      <node ref="D3" pin="1" pinfunction="K" pintype="passive"/>
    </net>
    <net code="6" name="Net-(A1-D5)">
      <node ref="A1" pin="20" pinfunction="D5" pintype="bidirectional"/>
      <node ref="D4" pin="1" pinfunction="K" pintype="passive"/>
    </net>
    <net code="7" name="Net-(A1-D6)">
      <node ref="A1" pin="21" pinfunction="D6" pintype="bidirectional"/>
      <node ref="D5" pin="1" pinfunction="K" pintype="passive"/>
    </net>
    <net code="8" name="Net-(A1-D7)">
      <node ref="A1" pin="22" pinfunction="D7" pintype="bidirectional"/>
      <node ref="D6" pin="1" pinfunction="K" pintype="passive"/>
    </net>
    <net code="9" name="Net-(A1-D8)">
      <node ref="A1" pin="23" pinfunction="D8" pintype="bidirectional"/>
      <node ref="D7" pin="1" pinfunction="K" pintype="passive"/>
    </net>
    <net code="10" name="Net-(A1-D9)">
      <node ref="A1" pin="24" pinfunction="D9" pintype="bidirectional"/>
      <node ref="D8" pin="1" pinfunction="K" pintype="passive"/>
    </net>
    <net code="11" name="Net-(D1-A)">
      <node ref="D1" pin="2" pinfunction="A" pintype="passive"/>
      <node ref="R8" pin="2" pintype="passive"/>
    </net>
    <net code="12" name="Net-(D2-A)">
      <node ref="D2" pin="2" pinfunction="A" pintype="passive"/>
      <node ref="R7" pin="2" pintype="passive"/>
    </net>
    <net code="13" name="Net-(D3-A)">
      <node ref="D3" pin="2" pinfunction="A" pintype="passive"/>
      <node ref="R6" pin="2" pintype="passive"/>
    </net>
    <net code="14" name="Net-(D4-A)">
      <node ref="D4" pin="2" pinfunction="A" pintype="passive"/>
      <node ref="R5" pin="2" pintype="passive"/>
    </net>
    <net code="15" name="Net-(D5-A)">
      <node ref="D5" pin="2" pinfunction="A" pintype="passive"/>
      <node ref="R4" pin="2" pintype="passive"/>
    </net>
    <net code="16" name="Net-(D6-A)">
      <node ref="D6" pin="2" pinfunction="A" pintype="passive"/>
      <node ref="R3" pin="2" pintype="passive"/>
    </net>
    <net code="17" name="Net-(D7-A)">
      <node ref="D7" pin="2" pinfunction="A" pintype="passive"/>
      <node ref="R2" pin="2" pintype="passive"/>
    </net>
    <net code="18" name="Net-(D8-A)">
      <node ref="D8" pin="2" pinfunction="A" pintype="passive"/>
      <node ref="R1" pin="2" pintype="passive"/>
    </net>
    <net code="19" name="unconnected-(A1-3V3-Pad4)">
      <node ref="A1" pin="4" pinfunction="3V3" pintype="power_out"/>
    </net>
    <net code="20" name="unconnected-(A1-A0-Pad9)">
      <node ref="A1" pin="9" pinfunction="A0" pintype="bidirectional"/>
    </net>
    <net code="21" name="unconnected-(A1-A1-Pad10)">
      <node ref="A1" pin="10" pinfunction="A1" pintype="bidirectional"/>
    </net>
    <net code="22" name="unconnected-(A1-A2-Pad11)">
      <node ref="A1" pin="11" pinfunction="A2" pintype="bidirectional"/>
    </net>
    <net code="23" name="unconnected-(A1-A3-Pad12)">
      <node ref="A1" pin="12" pinfunction="A3" pintype="bidirectional"/>
    </net>
    <net code="24" name="unconnected-(A1-AREF-Pad30)">
      <node ref="A1" pin="30" pinfunction="AREF" pintype="input"/>
    </net>
    <net code="25" name="unconnected-(A1-D0{slash}RX-Pad15)">
      <node ref="A1" pin="15" pinfunction="D0/RX" pintype="bidirectional"/>
    </net>
    <net code="26" name="unconnected-(A1-D1{slash}TX-Pad16)">
      <node ref="A1" pin="16" pinfunction="D1/TX" pintype="bidirectional"/>
    </net>
    <net code="27" name="unconnected-(A1-D10-Pad25)">
      <node ref="A1" pin="25" pinfunction="D10" pintype="bidirectional"/>
    </net>
    <net code="28" name="unconnected-(A1-D11-Pad26)">
      <node ref="A1" pin="26" pinfunction="D11" pintype="bidirectional"/>
    </net>
    <net code="29" name="unconnected-(A1-D12-Pad27)">
      <node ref="A1" pin="27" pinfunction="D12" pintype="bidirectional"/>
    </net>
    <net code="30" name="unconnected-(A1-D13-Pad28)">
      <node ref="A1" pin="28" pinfunction="D13" pintype="bidirectional"/>
    </net>
    <net code="31" name="unconnected-(A1-IOREF-Pad2)">
      <node ref="A1" pin="2" pinfunction="IOREF" pintype="output"/>
    </net>
    <net code="32" name="unconnected-(A1-NC-Pad1)">
      <node ref="A1" pin="1" pinfunction="NC" pintype="no_connect"/>
    </net>
    <net code="33" name="unconnected-(A1-SCL{slash}A5-Pad14)">
      <node ref="A1" pin="14" pinfunction="SCL/A5" pintype="bidirectional"/>
    </net>
    <net code="34" name="unconnected-(A1-SDA{slash}A4-Pad13)">
      <node ref="A1" pin="13" pinfunction="SDA/A4" pintype="bidirectional"/>
    </net>
    <net code="35" name="unconnected-(A1-VIN-Pad8)">
      <node ref="A1" pin="8" pinfunction="VIN" pintype="power_in"/>
    </net>
    <net code="36" name="unconnected-(A1-~{RESET}-Pad3)">
      <node ref="A1" pin="3" pinfunction="~{RESET}" pintype="input"/>
    </net>
  </nets>
</export>
